x,y,theta
0.000000000000000000e+00,0.000000000000000000e+00,3.826213049363370866e-02
1.001001001001000992e-02,3.831913236679414182e-04,3.861502922992755132e-02
2.002002002002001985e-02,7.734581362350490463e-04,3.932331676164112222e-02
3.003003003003002977e-02,1.170850946475704858e-03,4.003657063915082998e-02
4.004004004004003969e-02,1.575419622997525741e-03,4.075472422343781598e-02
5.005005005005004615e-02,1.987213369782758927e-03,4.147770840033807027e-02
6.006006006006005954e-02,2.406280701428458509e-03,4.220545155177195945e-02
7.007007007007007293e-02,2.832669418087210584e-03,4.293787952724496121e-02
8.008008008008007939e-02,3.266426580110363617e-03,4.367491561563942304e-02
9.009009009009008584e-02,3.707598482395880937e-03,4.441648051731506008e-02
1.001001001001000923e-01,4.156230628443086973e-03,4.516249231653736429e-02
1.101101101101101126e-01,4.612367704116783138e-03,4.591286645425357582e-02
1.201201201201201191e-01,5.076053551123365336e-03,4.666751570123687382e-02
1.301301301301301394e-01,5.547331140201784173e-03,4.742635013161630719e-02
1.401401401401401459e-01,6.026242544032329833e-03,4.818927709681409405e-02
1.501501501501501523e-01,6.512828909866459973e-03,4.895620119991142549e-02
1.601601601601601588e-01,7.007130431881082415e-03,4.972702427046125223e-02
1.701701701701701652e-01,7.509186323260831457e-03,5.050164533977036241e-02
1.801801801801801717e-01,8.019034788012196699e-03,5.127996061667113026e-02
1.901901901901901781e-01,8.536712992513434406e-03,5.206186346380395347e-02
2.002002002002001846e-01,9.062257036804520147e-03,5.284724437443238249e-02
2.102102102102102188e-01,9.595701925621527226e-03,5.363599094981184173e-02
2.202202202202202252e-01,1.013708153918006089e-02,5.442798787713199610e-02
2.302302302302302317e-01,1.068642860371261070e-02,5.522311690805953299e-02
2.402402402402402382e-01,1.124377466176489614e-02,5.602125683789623695e-02
2.502502502502502724e-01,1.180915004225645791e-02,5.682228348538067436e-02
2.602602602602602788e-01,1.238258383031107593e-02,5.762606967314939932e-02
2.702702702702702853e-01,1.296410383686273128e-02,5.843248520888823239e-02
2.802802802802802917e-01,1.355373656804311627e-02,5.924139686718585956e-02
2.902902902902902982e-01,1.415150719435690971e-02,6.005266837211881148e-02
3.003003003003003046e-01,1.475743951965129835e-02,6.086616038058920153e-02
3.103103103103103111e-01,1.537155594988647012e-02,6.168173046643406904e-02
3.203203203203203175e-01,1.599387746171398658e-02,6.249923310533353482e-02
3.303303303303303240e-01,1.662442357087034681e-02,6.331851966053561598e-02
3.403403403403403304e-01,1.726321230039308888e-02,6.413943836942173626e-02
3.503503503503503369e-01,1.791026014866725635e-02,6.496183433093678794e-02
3.603603603603603434e-01,1.856558205731012948e-02,6.578554949390225115e-02
3.703703703703703498e-01,1.922919137890254440e-02,6.661042264623717735e-02
3.803803803803803563e-01,1.990109984457521033e-02,6.743628940510794367e-02
3.903903903903903627e-01,2.058131753145890988e-02,6.826298220802951011e-02
4.004004004004003692e-01,2.126985283000754068e-02,6.909033030493681726e-02
4.104104104104104311e-01,2.196671241120334850e-02,6.991815975125235949e-02
4.204204204204204376e-01,2.267190119365393788e-02,7.074629340196707250e-02
4.304304304304304440e-01,2.338542231059093091e-02,7.157455090675826637e-02
4.404404404404404505e-01,2.410727707678041176e-02,7.240274870616608682e-02
4.504504504504504570e-01,2.483746495535559679e-02,7.323070002884458918e-02
4.604604604604604634e-01,2.557598352458236371e-02,7.405821488991323753e-02
4.704704704704704699e-01,2.632282844456876672e-02,7.488510009042809168e-02
4.804804804804804763e-01,2.707799342392966033e-02,7.571115921798837745e-02
4.904904904904904828e-01,2.784147018641807206e-02,7.653619264850625159e-02
5.005005005005005447e-01,2.861324843753521724e-02,7.735999754914614501e-02
5.105105105105105512e-01,2.939331583113106647e-02,7.818236788246883673e-02
5.205205205205205576e-01,3.018165793600826111e-02,7.900309441178772485e-02
5.305305305305305641e-01,3.097825820254168638e-02,7.982196470775868025e-02
5.405405405405405705e-01,3.178309792932702826e-02,8.063876315621962276e-02
5.505505505505505770e-01,3.259615622987132449e-02,8.145327096730205219e-02
5.605605605605605835e-01,3.341740999933936335e-02,8.226526618583338002e-02
5.705705705705705899e-01,3.424683388136961354e-02,8.307452370303586298e-02
5.805805805805805964e-01,3.508440023497391008e-02,8.388081526954715983e-02
5.905905905905906028e-01,3.593007910153530465e-02,8.468390950978112175e-02
6.006006006006006093e-01,3.678383817191890892e-02,8.548357193763843342e-02
6.106106106106106157e-01,3.764564275371064250e-02,8.627956497359041965e-02
6.206206206206206222e-01,3.851545573859942173e-02,8.707164796313154875e-02
6.306306306306306286e-01,3.939323756991788827e-02,8.785957719664000409e-02
6.406406406406406351e-01,4.027894621035827544e-02,8.864310593065348465e-02
6.506506506506506415e-01,4.117253710987893445e-02,8.942198441055705660e-02
6.606606606606606480e-01,4.207396317381835449e-02,9.019595989471755615e-02
6.706706706706706544e-01,4.298317473123317717e-02,9.096477668006437700e-02
6.806806806806806609e-01,4.390011950347733061e-02,9.172817612914034580e-02
6.906906906906906674e-01,4.482474257303957488e-02,9.248589669861884133e-02
7.007007007007006738e-01,4.575698635265675052e-02,9.323767396931056939e-02
7.107107107107106803e-01,4.669679055472084062e-02,9.398324067767624412e-02
7.207207207207206867e-01,4.764409216099779742e-02,9.472232674883335202e-02
7.307307307307306932e-01,4.859882539267622314e-02,9.545465933108861212e-02
7.407407407407406996e-01,4.956092168076488974e-02,9.617996283200726249e-02
7.507507507507507061e-01,5.053030963685762461e-02,9.689795895600210318e-02
7.607607607607607125e-01,5.150691502428458163e-02,9.760836674348567776e-02
7.707707707707707190e-01,5.249066072966952767e-02,9.831090261157687804e-02
7.807807807807807254e-01,5.348146673491230990e-02,9.900528039635715649e-02
7.907907907907907319e-01,5.447925008961640447e-02,9.969121139671803522e-02
8.008008008008007383e-01,5.548392488398167649e-02,1.003684044197792058e-01
8.108108108108108558e-01,5.649540222218225188e-02,1.010365658278967321e-01
8.208208208208208623e-01,5.751359019625015140e-02,1.016953995872583033e-01
8.308308308308308687e-01,5.853839386048508703e-02,1.023446073180962340e-01
8.408408408408408752e-01,5.956971520641150819e-02,1.029838883464987004e-01
8.508508508508508816e-01,6.060745313830344372e-02,1.036129397578284678e-01
8.608608608608608881e-01,6.165150344929868492e-02,1.042314564517797248e-01
8.708708708708708945e-01,6.270175879812342479e-02,1.048391311990513469e-01
8.808808808808809010e-01,6.375810868644890550e-02,1.054356546996498278e-01
8.908908908908909074e-01,6.482043943690160570e-02,1.060207156428439185e-01
9.009009009009009139e-01,6.588863417174897763e-02,1.065940007687532221e-01
9.109109109109109204e-01,6.696257279228226555e-02,1.071551949315825009e-01
9.209209209209209268e-01,6.804213195891870014e-02,1.077039811645278677e-01
9.309309309309309333e-01,6.912718507204525242e-02,1.082400407463267739e-01
9.409409409409409397e-01,7.021760225362574936e-02,1.087630532694834756e-01
9.509509509509509462e-01,7.131325032959423549e-02,1.092726967101641661e-01
9.609609609609609526e-01,7.241399281305647972e-02,1.097686474997655870e-01
9.709709709709709591e-01,7.351968988832237317e-02,1.102505805981757459e-01
9.809809809809809655e-01,7.463019839579158876e-02,1.107181695687081552e-01
9.909909909909909720e-01,7.574537181771501260e-02,1.111710866547429566e-01
1.001001001001001089e+00,7.686506026485460941e-02,1.116090028580647153e-01
1.011011011011011096e+00,7.798911046406420411e-02,1.120315880189004382e-01
1.021021021021021102e+00,7.911736574681373091e-02,1.124385108976739683e-01
1.031031031031031109e+00,8.024966603867959847e-02,1.128294392584839045e-01
1.041041041041041115e+00,8.138584784982355602e-02,1.132040399542965231e-01
1.051051051051051122e+00,8.252574426648257022e-02,1.135619790138782670e-01
1.061061061061061128e+00,8.366918494349218083e-02,1.139029217304635966e-01
1.071071071071071135e+00,8.481599609786548422e-02,1.142265327521722190e-01
1.081081081081081141e+00,8.596600050345024058e-02,1.145324761741809833e-01
1.091091091091091148e+00,8.711901748668586520e-02,1.148204156326562558e-01
1.101101101101101154e+00,8.827486292348266095e-02,1.150900144004554093e-01
1.111111111111111160e+00,8.943334923724481633e-02,1.153409354846146317e-01
1.121121121121121167e+00,9.059428539805908231e-02,1.155728417256188245e-01
1.131131131131131173e+00,9.175747692307041625e-02,1.157853958984692844e-01
1.141141141141141180e+00,9.292272587806613138e-02,1.159782608155669609e-01
1.151151151151151186e+00,9.408983088028945174e-02,1.161510994314055717e-01
1.161161161161161193e+00,9.525858710250342809e-02,1.163035749490878706e-01
1.171171171171171199e+00,9.642878627832560112e-02,1.164353509286899097e-01
1.181181181181181206e+00,9.760021670885417333e-02,1.165460913974786239e-01
1.191191191191191212e+00,9.877266327060531259e-02,1.166354609619670440e-01
1.201201201201201219e+00,9.994590742478140499e-02,1.167031249218624250e-01
1.211211211211211225e+00,1.011197272278898940e-01,1.167487493858959252e-01
1.221221221221221231e+00,1.022938973437314547e-01,1.167720013895255371e-01
1.231231231231231238e+00,1.034681890567763080e-01,1.167725490145703066e-01
1.241241241241241244e+00,1.046423702869470201e-01,1.167500615107487510e-01
1.251251251251251251e+00,1.058162056058255390e-01,1.167042094191509255e-01
1.261261261261261257e+00,1.069894562543021316e-01,1.166346646976486046e-01
1.271271271271271264e+00,1.081618801616828773e-01,1.165411008482608035e-01
1.281281281281281270e+00,1.093332319662727870e-01,1.164231930464881826e-01
1.291291291291291277e+00,1.105032630374498670e-01,1.162806182726091875e-01
1.301301301301301283e+00,1.116717214992464235e-01,1.161130554449821689e-01
1.311311311311311290e+00,1.128383522554520374e-01,1.159201855553276539e-01
1.321321321321321296e+00,1.140028970162529492e-01,1.157016918060231880e-01
1.331331331331331302e+00,1.151650943264215382e-01,1.154572597494248759e-01
1.341341341341341309e+00,1.163246795950695633e-01,1.151865774291909728e-01
1.351351351351351315e+00,1.174813851269770476e-01,1.148893355236610819e-01
1.361361361361361322e+00,1.186349401555099048e-01,1.145652274912614399e-01
1.371371371371371328e+00,1.197850708771366623e-01,1.142139497179593954e-01
1.381381381381381335e+00,1.209315004875557154e-01,1.138352016667718014e-01
1.391391391391391341e+00,1.220739492194426595e-01,1.134286860293087090e-01
1.401401401401401348e+00,1.232121343818271819e-01,1.129941088793914028e-01
1.411411411411411354e+00,1.243457704011080717e-01,1.125311798287164794e-01
1.421421421421421361e+00,1.254745688637140810e-01,1.120396121845755599e-01
1.431431431431431367e+00,1.265982385604177141e-01,1.115191231096037544e-01
1.441441441441441373e+00,1.277164855323078552e-01,1.109694337835943345e-01
1.451451451451451380e+00,1.288290131184273712e-01,1.103902695673422835e-01
1.461461461461461386e+00,1.299355220050793791e-01,1.097813601684867330e-01
1.471471471471471393e+00,1.310357102768064941e-01,1.091424398093836651e-01
1.481481481481481399e+00,1.321292734690456550e-01,1.084732473969720751e-01
1.491491491491491406e+00,1.332159046224608290e-01,1.077735266945860221e-01
1.501501501501501412e+00,1.342952943389539577e-01,1.070430264957259597e-01
1.511511511511511419e+00,1.353671308393551431e-01,1.062815007997598704e-01
1.521521521521521425e+00,1.364311000227906023e-01,1.054887089894914615e-01
1.531531531531531432e+00,1.374868855277270874e-01,1.046644160105933280e-01
1.541541541541541438e+00,1.385341687946897160e-01,1.038083925528468232e-01
1.551551551551551444e+00,1.395726291306498279e-01,1.029204152331583133e-01
1.561561561561561451e+00,1.406019437750779810e-01,1.020002667802676899e-01
1.571571571571571457e+00,1.416217879676560931e-01,1.010477362211609081e-01
1.581581581581581464e+00,1.426318350176430660e-01,1.000626190690600686e-01
1.591591591591591470e+00,1.436317563748844839e-01,9.904471751294283144e-02
1.601601601601601477e+00,1.446212217024591129e-01,9.799384060857574408e-02
1.611611611611611705e+00,1.455998989509515451e-01,9.690980447088055894e-02
1.621621621621621712e+00,1.465674544343397445e-01,9.579243246764758413e-02
1.631631631631631718e+00,1.475235529074866714e-01,9.464155541446368780e-02
1.641641641641641725e+00,1.484678576452213850e-01,9.345701177073438559e-02
1.651651651651651731e+00,1.494000305229965520e-01,9.223864783676369306e-02
1.661661661661661737e+00,1.503197320991065955e-01,9.098631795169768999e-02
1.671671671671671744e+00,1.512266216984497480e-01,8.969988469228983019e-02
1.681681681681681750e+00,1.521203574978174378e-01,8.837921907230987528e-02
1.691691691691691757e+00,1.530005966126911088e-01,8.702420074248819193e-02
1.701701701701701763e+00,1.538669951855279050e-01,8.563471819084336745e-02
1.711711711711711770e+00,1.547192084755131813e-01,8.421066894323732399e-02
1.721721721721721776e+00,1.555568909497588026e-01,8.275195976402971443e-02
1.731731731731731783e+00,1.563796963759234715e-01,8.125850685661403783e-02
1.741741741741741789e+00,1.571872779162307721e-01,7.973023606370834016e-02
1.751751751751751796e+00,1.579792882228599205e-01,7.816708306719850896e-02
1.761761761761761802e+00,1.587553795346824670e-01,7.656899358731825145e-02
1.771771771771771808e+00,1.595152037753169716e-01,7.493592358099121498e-02
1.781781781781781815e+00,1.602584126524732866e-01,7.326783943913380004e-02
1.791791791791791821e+00,1.609846577585564431e-01,7.156471818267205742e-02
1.801801801801801828e+00,1.616935906724991101e-01,6.982654765703995292e-02
1.811811811811811834e+00,1.623848630627903189e-01,6.805332672494164570e-02
1.821821821821821841e+00,1.630581267916673682e-01,6.624506545715237726e-02
1.831831831831831847e+00,1.637130340204371037e-01,6.440178532102867892e-02
1.841841841841841854e+00,1.643492373158899900e-01,6.252351936654838849e-02
1.851851851851851860e+00,1.649663897577721972e-01,6.061031240955699201e-02
1.861861861861861867e+00,1.655641450472766230e-01,5.866222121195174138e-02
1.871871871871871873e+00,1.661421576165155733e-01,5.667931465852617257e-02
1.881881881881881879e+00,1.667000827389347739e-01,5.466167393017018483e-02
1.891891891891891886e+00,1.672375766406288267e-01,5.260939267311792733e-02
1.901901901901901892e+00,1.677542966125157853e-01,5.052257716394255305e-02
1.911911911911911899e+00,1.682499011233293540e-01,4.840134647000490092e-02
1.921921921921921905e+00,1.687240499333843846e-01,4.624583260496283738e-02
1.931931931931931912e+00,1.691764042090719566e-01,4.405618067910007513e-02
1.941941941941941918e+00,1.696066266380383269e-01,4.183254904407898017e-02
1.951951951951951925e+00,1.700143815450017581e-01,3.957510943182344920e-02
1.961961961961961931e+00,1.703993350081604297e-01,3.728404708716628879e-02
1.971971971971971938e+00,1.707611549761433312e-01,3.495956089389166271e-02
1.981981981981981944e+00,1.710995113854550942e-01,3.260186349393503352e-02
1.991991991991991950e+00,1.714140762783667726e-01,3.021118139923265056e-02
2.002002002002002179e+00,1.717045239211999197e-01,2.778775509599483440e-02
2.012012012012012185e+00,1.719705309229557777e-01,2.533183914105566550e-02
2.022022022022022192e+00,1.722117763542359570e-01,2.284370224985223657e-02
2.032032032032032198e+00,1.724279418664030339e-01,2.032362737577009248e-02
2.042042042042042205e+00,1.726187118109282215e-01,1.777191178054870341e-02
2.052052052052052211e+00,1.727837733588726277e-01,1.518886709528009804e-02
2.062062062062062218e+00,1.729228166204473394e-01,1.257481937178388763e-02
2.072072072072072224e+00,1.730355347645986808e-01,9.930109124013397973e-03
2.082082082082082231e+00,1.731216241385628019e-01,7.255091359110342128e-03
2.092092092092092237e+00,1.731807843873341413e-01,4.550135597879517019e-03
2.102102102102102243e+00,1.732127185729920027e-01,1.815625884311560141e-03
2.112112112112112250e+00,1.732171332938282904e-01,-9.480392160655576111e-04
2.122122122122122256e+00,1.731937388032203928e-01,-3.740446629336683163e-03
2.132132132132132263e+00,1.731422491281914833e-01,-6.561168798135172571e-03
2.142142142142142269e+00,1.730623821876007551e-01,-9.409763718524118484e-03
2.152152152152152276e+00,1.729538599099069707e-01,-1.228577498914580797e-02
2.162162162162162282e+00,1.728164083504465098e-01,-1.518873187285724700e-02
2.172172172172172289e+00,1.726497578081680750e-01,-1.811814937096899170e-02
2.182182182182182295e+00,1.724536429417670991e-01,-2.107352831036922794e-02
2.192192192192192302e+00,1.722278028851597087e-01,-2.405435544364831896e-02
2.202202202202202308e+00,1.719719813622404003e-01,-2.706010356234006542e-02
2.212212212212212314e+00,1.716859268008635031e-01,-3.009023162348281599e-02
2.222222222222222321e+00,1.713693924459908369e-01,-3.314418488950023750e-02
2.232232232232232327e+00,1.710221364719483883e-01,-3.622139508153092435e-02
2.242242242242242334e+00,1.706439220937327750e-01,-3.932128054626757990e-02
2.252252252252252340e+00,1.702345176773109037e-01,-4.244324643625805443e-02
2.262262262262262347e+00,1.697936968488550913e-01,-4.558668490374936239e-02
2.272272272272272353e+00,1.693212386028560001e-01,-4.875097530799977347e-02
2.282282282282282360e+00,1.688169274090573213e-01,-5.193548443595182029e-02
2.292292292292292366e+00,1.682805533181555846e-01,-5.513956673631052047e-02
2.302302302302302373e+00,1.677119120662078078e-01,-5.836256456677203081e-02
2.312312312312312379e+00,1.671108051776936665e-01,-6.160380845431440849e-02
2.322322322322322385e+00,1.664770400671745365e-01,-6.486261736842638403e-02
2.332332332332332392e+00,1.658104301394966174e-01,-6.813829900695486663e-02
2.342342342342342398e+00,1.651107948884831811e-01,-7.143015009445127794e-02
2.352352352352352405e+00,1.643779599940627667e-01,-7.473745669266787517e-02
2.362362362362362411e+00,1.636117574177807787e-01,-7.805949452297511471e-02
2.372372372372372418e+00,1.628120254966417546e-01,-8.139552930034366085e-02
2.382382382382382424e+00,1.619786090352318131e-01,-8.474481707851298784e-02
2.392392392392392431e+00,1.611113593960703805e-01,-8.810660460605103383e-02
2.402402402402402437e+00,1.602101345881409011e-01,-9.148012969281546503e-02
2.412412412412412444e+00,1.592747993535529316e-01,-9.486462158642876286e-02
2.422422422422422450e+00,1.583052252522862136e-01,-9.825930135827523615e-02
2.432432432432432456e+00,1.573012907449710951e-01,-1.016633822985855140e-01
2.442442442442442463e+00,1.562628812736577277e-01,-1.050760703200378232e-01
2.452452452452452469e+00,1.551898893405308510e-01,-1.084965643693904525e-01
2.462462462462462476e+00,1.540822145845239521e-01,-1.119240568465782043e-01
2.472472472472472482e+00,1.529397638557921379e-01,-1.153577340306784910e-01
2.482482482482482489e+00,1.517624512880000331e-01,-1.187967765122069086e-01
2.492492492492492495e+00,1.505501983683852074e-01,-1.222403596310566581e-01
2.502502502502502502e+00,1.493029340055572196e-01,-1.256876539195289078e-01
2.512512512512512508e+00,1.480205945949940038e-01,-1.291378255497752092e-01
2.522522522522522515e+00,1.467031240821985438e-01,-1.325900367850014749e-01
2.532532532532532521e+00,1.453504740234802528e-01,-1.360434464337767213e-01
2.542542542542542527e+00,1.439626036443263646e-01,-1.394972103067853575e-01
2.552552552552552534e+00,1.425394798953301956e-01,-1.429504816753311425e-01
2.562562562562562540e+00,1.410810775056446087e-01,-1.464024117308999062e-01
2.572572572572572547e+00,1.395873790339301201e-01,-1.498521500451240329e-01
2.582582582582582553e+00,1.380583749167685614e-01,-1.532988450294415217e-01
2.592592592592592560e+00,1.364940635145147352e-01,-1.567416443937679482e-01
2.602602602602602566e+00,1.348944511545597247e-01,-1.601796956034921005e-01
2.612612612612612573e+00,1.332595521719813214e-01,-1.636121463341214666e-01
2.622622622622622579e+00,1.315893889475580891e-01,-1.670381449229233206e-01
2.632632632632632586e+00,1.298839919431250822e-01,-1.704568408168691818e-01
2.642642642642642592e+00,1.281433997342514564e-01,-1.738673850162380796e-01
2.652652652652652598e+00,1.263676590402205979e-01,-1.772689305132568172e-01
2.662662662662662605e+00,1.245568247512957999e-01,-1.806606327251477351e-01
2.672672672672672611e+00,1.227109599532555245e-01,-1.840416499209360512e-01
2.682682682682682618e+00,1.208301359491845001e-01,-1.874111436414796772e-01
2.692692692692692624e+00,1.189144322785073288e-01,-1.907682791121237398e-01
2.702702702702702631e+00,1.169639367332541424e-01,-1.941122256474129559e-01
2.712712712712712637e+00,1.149787453715482577e-01,-1.974421570473570697e-01
2.722722722722722644e+00,1.129589625283083099e-01,-2.007572519847237724e-01
2.732732732732732650e+00,1.109047008231581616e-01,-2.040566943828960311e-01
2.742742742742742657e+00,1.088160811655397159e-01,-2.073396737838027470e-01
2.752752752752752663e+00,1.066932327570258021e-01,-2.106053857055310563e-01
2.762762762762762669e+00,1.045362930908307342e-01,-2.138530319891923104e-01
2.772772772772772676e+00,1.023454079485191376e-01,-2.170818211346742799e-01
2.782782782782782682e+00,1.001207313939137533e-01,-2.202909686249397703e-01
2.792792792792792689e+00,9.786242576420572936e-02,-2.234796972385182379e-01
2.802802802802802695e+00,9.557066165827182713e-02,-2.266472373499802684e-01
2.812812812812812702e+00,9.324561792220383005e-02,-2.297928272180564113e-01
2.822822822822822708e+00,9.088748163205911945e-02,-2.329157132612085235e-01
2.832832832832832715e+00,8.849644807383996725e-02,-2.360151503204733214e-01
2.842842842842842721e+00,8.607272072071331381e-02,-2.390904019093818278e-01
2.852852852852852727e+00,8.361651120748221644e-02,-2.421407404508543748e-01
2.862862862862862734e+00,8.112803930232290184e-02,-2.451654475009149847e-01
2.872872872872872740e+00,7.860753287580250770e-02,-2.481638139592021175e-01
2.882882882882882747e+00,7.605522786719338957e-02,-2.511351402662173604e-01
2.892892892892892753e+00,7.347136824810218680e-02,-2.540787365872578807e-01
2.902902902902902760e+00,7.085620598343293775e-02,-2.569939229830923155e-01
2.912912912912912766e+00,6.821000098970436687e-02,-2.598800295674020822e-01
2.922922922922922773e+00,6.553302109074365944e-02,-2.627363966510387616e-01
2.932932932932932779e+00,6.282554197077978853e-02,-2.655623748732118261e-01
2.942942942942942786e+00,6.008784712496099967e-02,-2.683573253197201192e-01
2.952952952952952792e+00,5.732022780732209249e-02,-2.711206196283522107e-01
2.962962962962962798e+00,5.452298297622895640e-02,-2.738516400816347063e-01
2.972972972972972805e+00,5.169641923732827549e-02,-2.765497796871317360e-01
2.982982982982982811e+00,4.884085078403194169e-02,-2.792144422454667652e-01
2.992992992992992818e+00,4.595659933556713733e-02,-2.818450424063252968e-01
3.003003003003002824e+00,4.304399407262339550e-02,-2.844410057126858793e-01
3.013013013013012831e+00,4.010337157062997260e-02,-2.870017686335201712e-01
3.023023023023022837e+00,3.713507573069728396e-02,-2.895267785852795317e-01
3.033033033033032844e+00,3.413945770825733278e-02,-2.920154939424446372e-01
3.043043043043042850e+00,3.111687583943942292e-02,-2.944673840374520402e-01
3.053053053053052857e+00,2.806769556521789347e-02,-2.968819291503350111e-01
3.063063063063062863e+00,2.499228935337002161e-02,-2.992586204884044587e-01
3.073073073073072869e+00,2.189103661828281644e-02,-3.015969601563311953e-01
3.083083083083082876e+00,1.876432363864849115e-02,-3.038964611169764907e-01
3.093093093093092882e+00,1.561254347308923748e-02,-3.061566471433455616e-01
3.103103103103102889e+00,1.243609587375259923e-02,-3.083770527620402491e-01
3.113113113113112895e+00,9.235387197919667918e-03,-3.105572231885848078e-01
3.123123123123122902e+00,6.010830317668986594e-03,-3.126967142550178269e-01
3.133133133133132908e+00,2.762844527639724858e-03,-3.147950923301397474e-01
3.143143143143142915e+00,-5.081445490615788419e-04,-3.168519342328071642e-01
3.153153153153152921e+00,-3.801705056765835363e-03,-3.188668271386737030e-01
3.163163163163162928e+00,-7.117399004912304018e-03,-3.208393684807738233e-01
3.173173173173172934e+00,-1.045478236743953813e-02,-3.227691658443468392e-01
3.183183183183182940e+00,-1.381340518384980773e-02,-3.246558368563003949e-01
3.193193193193192947e+00,-1.719281166189999543e-02,-3.264990090697083569e-01
3.203203203203202953e+00,-2.059254028187142149e-02,-3.282983198437397498e-01
3.213213213213213404e+00,-2.401212390237094513e-02,-3.300534162194085908e-01
3.223223223223223410e+00,-2.745108986761406189e-02,-3.317639547915319231e-01
3.233233233233233417e+00,-3.090896011614374314e-02,-3.334296015772865718e-01
3.243243243243243423e+00,-3.438525129093305405e-02,-3.350500318817355994e-01
3.253253253253253430e+00,-3.787947485082463622e-02,-3.366249301607061595e-01
3.263263263263263436e+00,-4.139113718325673763e-02,-3.381539898813843981e-01
3.273273273273273443e+00,-4.491973971822641604e-02,-3.396369133809883922e-01
3.283283283283283449e+00,-4.846477904343995946e-02,-3.410734117238806151e-01
3.293293293293293456e+00,-5.202574702060094175e-02,-3.424632045574664274e-01
3.303303303303303462e+00,-5.560213090278560977e-02,-3.438060199672114958e-01
3.313313313313313468e+00,-5.919341345285573236e-02,-3.451015943311336875e-01
3.323323323323323475e+00,-6.279907306285892332e-02,-3.463496721740716988e-01
3.333333333333333481e+00,-6.641858387436609668e-02,-3.475500060220607645e-01
3.343343343343343488e+00,-7.005141589969632321e-02,-3.487023562571329172e-01
3.353353353353353494e+00,-7.369703514397905886e-02,-3.498064909728167415e-01
3.363363363363363501e+00,-7.735490372800363224e-02,-3.508621858306607000e-01
3.373373373373373507e+00,-8.102448001180681536e-02,-3.518692239180443715e-01
3.383383383383383514e+00,-8.470521871894826083e-02,-3.528273956075512752e-01
3.393393393393393520e+00,-8.839657106142508047e-02,-3.537364984181808336e-01
3.403403403403403527e+00,-9.209798486517585536e-02,-3.545963368786487768e-01
3.413413413413413533e+00,-9.580890469612567129e-02,-3.554067223930296171e-01
3.423423423423423539e+00,-9.952877198672317738e-02,-3.561674731089559676e-01
3.433433433433433546e+00,-1.032570251629214286e-01,-3.568784137886533148e-01
3.443443443443443552e+00,-1.069930997715549531e-01,-3.575393756829894354e-01
3.453453453453453559e+00,-1.107364286080646243e-01,-3.581501964087411838e-01
3.463463463463463565e+00,-1.144864418445235982e-01,-3.587107198293446597e-01
3.473473473473473572e+00,-1.182425671579176579e-01,-3.592207959392563765e-01
3.483483483483483578e+00,-1.220042298586328372e-01,-3.596802807521368162e-01
3.493493493493493585e+00,-1.257708530191049556e-01,-3.600890361930518258e-01
3.503503503503503591e+00,-1.295418576025853807e-01,-3.604469299948216410e-01
3.513513513513513598e+00,-1.333166625919776915e-01,-3.607538355987160994e-01
3.523523523523523604e+00,-1.370946851187013205e-01,-3.610096320596317687e-01
3.533533533533533610e+00,-1.408753405915376122e-01,-3.612142039558804973e-01
3.543543543543543617e+00,-1.446580428254150841e-01,-3.613674413037604727e-01
3.553553553553553623e+00,-1.484422041700913519e-01,-3.614692394770074868e-01
3.563563563563563630e+00,-1.522272356386886738e-01,-3.615194991312605799e-01
3.573573573573573636e+00,-1.560125470360423094e-01,-3.615181261336537499e-01
3.583583583583583643e+00,-1.597975470868198133e-01,-3.614650314976370349e-01
3.593593593593593649e+00,-1.635816435633714316e-01,-3.613601313231313283e-01
3.603603603603603656e+00,-1.673642434132714685e-01,-3.612033467420990296e-01
3.613613613613613662e+00,-1.711447528865117085e-01,-3.609946038696221216e-01
3.623623623623623669e+00,-1.749225776623079820e-01,-3.607338337605438539e-01
3.633633633633633675e+00,-1.786971229754826807e-01,-3.604209723717899938e-01
3.643643643643643681e+00,-1.824677937423856977e-01,-3.600559605303803035e-01
3.653653653653653688e+00,-1.862339946863174611e-01,-3.596387439072107894e-01
3.663663663663663694e+00,-1.899951304624186155e-01,-3.591692729966500797e-01
3.673673673673673701e+00,-1.937506057819907979e-01,-3.586475031020043280e-01
3.683683683683683707e+00,-1.974998255362151733e-01,-3.580733943268693542e-01
3.693693693693693714e+00,-2.012421949192340354e-01,-3.574469115723950541e-01
3.703703703703703720e+00,-2.049771195505640520e-01,-3.567680245405160933e-01
3.713713713713713727e+00,-2.087040055968079066e-01,-3.560367077431125793e-01
3.723723723723723733e+00,-2.124222598926338024e-01,-3.552529405171421240e-01
3.733733733733733740e+00,-2.161312900609917431e-01,-3.544167070457610036e-01
3.743743743743743746e+00,-2.198305046325378376e-01,-3.535279963853932284e-01
3.753753753753753752e+00,-2.235193131642362607e-01,-3.525868024987364180e-01
3.763763763763763759e+00,-2.271971263571117838e-01,-3.515931242937059831e-01
3.773773773773773765e+00,-2.308633561731245898e-01,-3.505469656682774771e-01
3.783783783783783772e+00,-2.345174159511411449e-01,-3.494483355612225672e-01
3.793793793793793778e+00,-2.381587205219753700e-01,-3.482972480086309885e-01
3.803803803803803785e+00,-2.417866863224738538e-01,-3.470937222062519534e-01
3.813813813813813791e+00,-2.454007315086224883e-01,-3.458377825775294512e-01
3.823823823823823798e+00,-2.490002760676487403e-01,-3.445294588473192254e-01
3.833833833833833804e+00,-2.525847419290989659e-01,-3.431687861212018853e-01
3.843843843843843811e+00,-2.561535530748664802e-01,-3.417558049702656975e-01
3.853853853853853817e+00,-2.597061356481505379e-01,-3.402905615213698276e-01
3.863863863863863823e+00,-2.632419180613250753e-01,-3.387731075527091740e-01
3.873873873873873830e+00,-2.667603311026972568e-01,-3.372035005946212305e-01
3.883883883883883836e+00,-2.702608080421370351e-01,-3.355818040354800469e-01
3.893893893893893843e+00,-2.737427847355587418e-01,-3.339080872326293248e-01
3.903903903903903849e+00,-2.772056997282381641e-01,-3.321824256281669663e-01
3.913913913913913856e+00,-2.806489943569469570e-01,-3.304049008694330825e-01
3.923923923923923862e+00,-2.840721128508889026e-01,-3.285756009341421757e-01
3.933933933933933869e+00,-2.874745024314228625e-01,-3.266946202598879911e-01
3.943943943943943875e+00,-2.908556134105566571e-01,-3.247620598779368817e-01
3.953953953953953881e+00,-2.942148992881988834e-01,-3.227780275511280550e-01
3.963963963963963888e+00,-2.975518168481548487e-01,-3.207426379156192442e-01
3.973973973973973894e+00,-3.008658262528532967e-01,-3.186560126264191828e-01
3.983983983983983901e+00,-3.041563911367939910e-01,-3.165182805063715410e-01
3.993993993993993907e+00,-3.074229786987019986e-01,-3.143295776984305068e-01
4.004004004004004358e+00,-3.106650597923806822e-01,-3.120900478210502649e-01
4.014014014014014364e+00,-3.138821090162512983e-01,-3.097998421263358226e-01
4.024024024024024371e+00,-3.170736048015717623e-01,-3.074591196608404964e-01
4.034034034034034377e+00,-3.202390294993244235e-01,-3.050680474286592281e-01
4.044044044044044384e+00,-3.233778694657650221e-01,-3.026268005565937447e-01
4.054054054054054390e+00,-3.264896151466263330e-01,-3.001355624610932971e-01
4.064064064064064397e+00,-3.295737611599680594e-01,-2.975945250167083556e-01
4.074074074074074403e+00,-3.326298063776684244e-01,-2.950038887257442899e-01
4.084084084084084409e+00,-3.356572540055502429e-01,-2.923638628887788582e-01
4.094094094094094416e+00,-3.386556116621376455e-01,-2.896746657757900967e-01
4.104104104104104422e+00,-3.416243914560378458e-01,-2.869365247975044220e-01
4.114114114114114429e+00,-3.445631100619449549e-01,-2.841496766766435922e-01
4.124124124124124435e+00,-3.474712887952613460e-01,-2.813143676187402353e-01
4.134134134134134442e+00,-3.503484536853347375e-01,-2.784308534821707815e-01
4.144144144144144448e+00,-3.531941355473082744e-01,-2.754993999469447785e-01
4.154154154154154455e+00,-3.560078700525804996e-01,-2.725202826820373736e-01
4.164164164164164461e+00,-3.587891977978765468e-01,-2.694937875107120129e-01
4.174174174174174468e+00,-3.615376643729260042e-01,-2.664202105735805071e-01
4.184184184184184474e+00,-3.642528204267517777e-01,-2.632998584889020832e-01
4.194194194194194480e+00,-3.669342217325641253e-01,-2.601330485097040346e-01
4.204204204204204487e+00,-3.695814292512663579e-01,-2.569201086774721143e-01
4.214214214214214493e+00,-3.721940091935686534e-01,-2.536613779717202810e-01
4.224224224224224500e+00,-3.747715330807133705e-01,-2.503572064552899157e-01
4.234234234234234506e+00,-3.773135778038141930e-01,-2.470079554147518730e-01
4.244244244244244513e+00,-3.798197256818092171e-01,-2.436139974955422172e-01
4.254254254254254519e+00,-3.822895645180330870e-01,-2.401757168314379576e-01
4.264264264264264526e+00,-3.847226876554086794e-01,-2.366935091678429026e-01
4.274274274274274532e+00,-3.871186940302642210e-01,-2.331677819785588635e-01
4.284284284284284539e+00,-3.894771882247776151e-01,-2.295989545754635874e-01
4.294294294294294545e+00,-3.917977805180529183e-01,-2.259874582107455898e-01
4.304304304304304551e+00,-3.940800869358331293e-01,-2.223337361712797167e-01
4.314314314314314558e+00,-3.963237292988550098e-01,-2.186382438646033988e-01
4.324324324324324564e+00,-3.985283352698486548e-01,-2.149014488961593916e-01
4.334334334334334571e+00,-4.006935383991906408e-01,-2.111238311373546395e-01
4.344344344344344577e+00,-4.028189781692129157e-01,-2.073058827839767415e-01
4.354354354354354584e+00,-4.049043000371765344e-01,-2.034481084045843546e-01
4.364364364364364590e+00,-4.069491554769135711e-01,-1.995510249785035217e-01
4.374374374374374597e+00,-4.089532020191467554e-01,-1.956151619229797578e-01
4.384384384384384603e+00,-4.109161032904909416e-01,-1.916410611091388105e-01
4.394394394394394610e+00,-4.128375290511455131e-01,-1.876292768663494759e-01
4.404404404404404616e+00,-4.147171552312828857e-01,-1.835803759747364483e-01
4.414414414414414622e+00,-4.165546639661437678e-01,-1.794949376454009204e-01
4.424424424424424629e+00,-4.183497436298430072e-01,-1.753735534880290770e-01
4.434434434434434635e+00,-4.201020888678974607e-01,-1.712168274657031586e-01
4.444444444444444642e+00,-4.218114006284815476e-01,-1.670253758365238539e-01
4.454454454454454648e+00,-4.234773861924208682e-01,-1.627998270818256932e-01
4.464464464464464655e+00,-4.250997592019302163e-01,-1.585408218207227382e-01
4.474474474474474661e+00,-4.266782396881066974e-01,-1.542490127108775144e-01
4.484484484484484668e+00,-4.282125540971861155e-01,-1.499250643351293655e-01
4.494494494494494674e+00,-4.297024353155702858e-01,-1.455696530739669370e-01
4.504504504504504681e+00,-4.311476226936375444e-01,-1.411834669637063444e-01
4.514514514514514687e+00,-4.325478620683421704e-01,-1.367672055401549513e-01
4.524524524524524693e+00,-4.339029057846148785e-01,-1.323215796678487433e-01
4.534534534534534700e+00,-4.352125127155733186e-01,-1.278473113546738371e-01
4.544544544544544706e+00,-4.364764482815507995e-01,-1.233451335519447772e-01
4.554554554554554713e+00,-4.376944844679550584e-01,-1.188157899399998330e-01
4.564564564564564719e+00,-4.388663998419663481e-01,-1.142600346992297955e-01
4.574574574574574726e+00,-4.399919795680837242e-01,-1.096786322667668290e-01
4.584584584584584732e+00,-4.410710154225315760e-01,-1.050723570789129785e-01
4.594594594594594739e+00,-4.421033058065350074e-01,-1.004419932993636660e-01
4.604604604604604745e+00,-4.430886557584743923e-01,-9.578833453364621331e-02
4.614614614614614752e+00,-4.440268769649313718e-01,-9.111218352981578783e-02
4.624624624624624758e+00,-4.449177877706340101e-01,-8.641435186562899939e-02
4.634634634634634764e+00,-4.457612131873130434e-01,-8.169565962269113857e-02
4.644644644644644771e+00,-4.465569849014794923e-01,-7.695693504779117788e-02
4.654654654654654777e+00,-4.473049412811343495e-01,-7.219901420177526896e-02
4.664664664664664784e+00,-4.480049273814208366e-01,-6.742274059637154426e-02
4.674674674674674790e+00,-4.486567949492292207e-01,-6.262896481940906368e-02
4.684684684684684797e+00,-4.492604024267656260e-01,-5.781854414895267608e-02
4.694694694694694803e+00,-4.498156149540956661e-01,-5.299234215671574239e-02
4.704704704704704810e+00,-4.503223043706723328e-01,-4.815122830138747478e-02
4.714714714714714816e+00,-4.507803492158606318e-01,-4.329607751241726366e-02
4.724724724724724823e+00,-4.511896347284679587e-01,-3.842776976476598716e-02
4.734734734734734829e+00,-4.515500528452924267e-01,-3.354718964529897207e-02
4.744744744744744835e+00,-4.518615021986984726e-01,-2.865522591144243486e-02
4.754754754754754842e+00,-4.521238881132318976e-01,-2.375277104276262916e-02
4.764764764764764848e+00,-4.523371226012835589e-01,-1.884072078606312262e-02
4.774774774774774855e+00,-4.525011243578137554e-01,-1.391997369486392896e-02
4.784784784784784861e+00,-4.526158187541474698e-01,-8.991430663809973911e-03
4.794794794794794868e+00,-4.526811378308506217e-01,-4.055994458788632351e-03
4.804804804804804874e+00,-4.526970202896986040e-01,8.854307564468980518e-04
4.814814814814814881e+00,-4.526634114847477575e-01,5.831939896443323612e-03
4.824824824824824887e+00,-4.525802634125201673e-01,1.078262743224531021e-02
4.834834834834834894e+00,-4.524475347013123261e-01,1.573658787088009353e-02
4.844844844844844900e+00,-4.522651905996377120e-01,2.069291623528241378e-02
4.854854854854854906e+00,-4.520332029638154947e-01,2.565070854392507635e-02
4.864864864864864913e+00,-4.517515502447134734e-01,3.060906228946313340e-02
4.874874874874874919e+00,-4.514202174736568485e-01,3.556707691545361177e-02
4.884884884884884926e+00,-4.510391962475143179e-01,4.052385429051220955e-02
4.894894894894894932e+00,-4.506084847129690485e-01,4.547849917912626105e-02
4.904904904904904939e+00,-4.501280875499878431e-01,5.043011970838810754e-02
4.914914914914914945e+00,-4.495980159544956112e-01,5.537782782981452712e-02
4.924924924924924952e+00,-4.490182876202690743e-01,6.032073977561969863e-02
4.934934934934934958e+00,-4.483889267200555917e-01,6.525797650881728917e-02
4.944944944944944965e+00,-4.477099638859304842e-01,7.018866416624432170e-02
4.954954954954954971e+00,-4.469814361889009602e-01,7.511193449396250110e-02
4.964964964964964977e+00,-4.462033871177683020e-01,8.002692527442945014e-02
4.974974974974974984e+00,-4.453758665572558062e-01,8.493278074480499484e-02
4.984984984984984990e+00,-4.444989307654140243e-01,8.982865200564968400e-02
4.994994994994994997e+00,-4.435726423503130733e-01,9.471369741960163069e-02
5.005005005005005003e+00,-4.425970702460307327e-01,9.958708299945920328e-02
5.015015015015015010e+00,-4.415722896879466508e-01,1.044479827850759712e-01
5.025025025025025016e+00,-4.404983821873519889e-01,1.092955792086884731e-01
5.035035035035035023e+00,-4.393754355053836602e-01,1.141290634481271493e-01
5.045045045045045029e+00,-4.382035436262936567e-01,1.189476357675376961e-01
5.055055055055055035e+00,-4.369828067300608465e-01,1.237505058452195578e-01
5.065065065065065042e+00,-4.357133311643570650e-01,1.285368930882219984e-01
5.075075075075075048e+00,-4.343952294158742733e-01,1.333060269333615488e-01
5.085085085085085055e+00,-4.330286200810236630e-01,1.380571471344107237e-01
5.095095095095095061e+00,-4.316136278360141465e-01,1.427895040351421230e-01
5.105105105105105068e+00,-4.301503834063216125e-01,1.475023588280638676e-01
5.115115115115115074e+00,-4.286390235355547751e-01,1.521949837986478204e-01
5.125125125125125081e+00,-4.270796909537292740e-01,1.568666625548896243e-01
5.135135135135135087e+00,-4.254725343449566322e-01,1.615166902420868689e-01
5.145145145145145094e+00,-4.238177083145586166e-01,1.661443737427390765e-01
5.155155155155155100e+00,-4.221153733556139431e-01,1.707490318615948188e-01
5.165165165165165106e+00,-4.203656958149468714e-01,1.753299954956726581e-01
5.175175175175175113e+00,-4.185688478585662953e-01,1.798866077894497040e-01
5.185185185185185119e+00,-4.167250074365626000e-01,1.844182242751618295e-01
5.195195195195195126e+00,-4.148343582474721125e-01,1.889242129982591500e-01
5.205205205205205132e+00,-4.128970897021161379e-01,1.934039546282100286e-01
5.215215215215215139e+00,-4.109133968869236320e-01,1.978568425547568566e-01
5.225225225225225145e+00,-4.088834805267450023e-01,2.022822829697372149e-01
5.235235235235235152e+00,-4.068075469471653105e-01,2.066796949346745016e-01
5.245245245245245158e+00,-4.046858080363253118e-01,2.110485104344007323e-01
5.255255255255255165e+00,-4.025184812062572171e-01,2.153881744168600620e-01
5.265265265265265171e+00,-4.003057893537440570e-01,2.196981448193904840e-01
5.275275275275275177e+00,-3.980479608207094233e-01,2.239778925817730026e-01
5.285285285285285184e+00,-3.957452293541463550e-01,2.282269016462697697e-01
5.295295295295295190e+00,-3.933978340655920891e-01,2.324446689450483383e-01
5.305305305305305197e+00,-3.910060193901564451e-01,2.366307043752774730e-01
5.315315315315315203e+00,-3.885700350451116725e-01,2.407845307621679920e-01
5.325325325325325210e+00,-3.860901359880511974e-01,2.449056838104911871e-01
5.335335335335335216e+00,-3.835665823746230996e-01,2.489937120447258123e-01
5.345345345345345223e+00,-3.809996395158489202e-01,2.530481767383419567e-01
5.355355355355355229e+00,-3.783895778350311323e-01,2.570686518326214531e-01
5.365365365365365236e+00,-3.757366728242589882e-01,2.610547238452852747e-01
5.375375375375375242e+00,-3.730412050005196822e-01,2.650059917694967959e-01
5.385385385385385248e+00,-3.703034598614197703e-01,2.689220669634733163e-01
5.395395395395395255e+00,-3.675237278405273922e-01,2.728025730312549357e-01
5.405405405405405261e+00,-3.647023042623381839e-01,2.766471456949697316e-01
5.415415415415415268e+00,-3.618394892968750387e-01,2.804554326590403823e-01
5.425425425425425274e+00,-3.589355879139264349e-01,2.842270934667397997e-01
5.435435435435435281e+00,-3.559909098369311575e-01,2.879617993494562600e-01
5.445445445445445287e+00,-3.530057694965159087e-01,2.916592330692424628e-01
5.455455455455455294e+00,-3.499804859836911364e-01,2.953190887548430288e-01
5.465465465465465300e+00,-3.469153830027145724e-01,2.989410717317752542e-01
5.475475475475475307e+00,-3.438107888236252574e-01,3.025248983468453168e-01
5.485485485485485313e+00,-3.406670362344577097e-01,3.060702957873764340e-01
5.495495495495495319e+00,-3.374844624931407355e-01,3.095770018957132996e-01
5.505505505505505326e+00,-3.342634092790879863e-01,3.130447649792933995e-01
5.515515515515515332e+00,-3.310042226444860902e-01,3.164733436166651259e-01
5.525525525525525339e+00,-3.277072529652875210e-01,3.198625064598748513e-01
5.535535535535535345e+00,-3.243728548919131427e-01,3.232120320335683528e-01
5.545545545545545352e+00,-3.210013872996712592e-01,3.265217085311187817e-01
5.555555555555555358e+00,-3.175932132388996632e-01,3.297913336082149427e-01
5.565565565565565365e+00,-3.141486998848359025e-01,3.330207141742127508e-01
5.575575575575575371e+00,-3.106682184872218144e-01,3.362096661815295318e-01
5.585585585585585378e+00,-3.071521443196493784e-01,3.393580144134750731e-01
5.595595595595595384e+00,-3.036008566286524379e-01,3.424655922708034206e-01
5.605605605605605390e+00,-3.000147385825510105e-01,3.455322415573046646e-01
5.615615615615615397e+00,-2.963941772200531788e-01,3.485578122646491028e-01
5.625625625625625403e+00,-2.927395633986221712e-01,3.515421623568770193e-01
5.635635635635635410e+00,-2.890512917426111827e-01,3.544851575547321443e-01
5.645645645645645416e+00,-2.853297605911757628e-01,3.573866711200958113e-01
5.655655655655655423e+00,-2.815753719459650473e-01,3.602465836408001443e-01
5.665665665665665429e+00,-2.777885314186015475e-01,3.630647828160414314e-01
5.675675675675675436e+00,-2.739696481779516080e-01,3.658411632426148974e-01
5.685685685685685442e+00,-2.701191348971951345e-01,3.685756262022072960e-01
5.695695695695695449e+00,-2.662374077006967044e-01,3.712680794499267356e-01
5.705705705705705455e+00,-2.623248861106876606e-01,3.739184370042658578e-01
5.715715715715715461e+00,-2.583819929937603566e-01,3.765266189387171392e-01
5.725725725725725468e+00,-2.544091545071837102e-01,3.790925511751959687e-01
5.735735735735735474e+00,-2.504068000450419551e-01,3.816161652793869097e-01
5.745745745745745481e+00,-2.463753621842058317e-01,3.840973982582565061e-01
5.755755755755755487e+00,-2.423152766301372996e-01,3.865361923598439886e-01
5.765765765765765494e+00,-2.382269821625367101e-01,3.889324948754062650e-01
5.775775775775775500e+00,-2.341109205808352967e-01,3.912862579441553357e-01
5.785785785785785507e+00,-2.299675366495393114e-01,3.935974383606103966e-01
5.795795795795795513e+00,-2.257972780434307214e-01,3.958659973847445945e-01
5.805805805805805520e+00,-2.216005952926295708e-01,3.980919005549655720e-01
5.815815815815815526e+00,-2.173779417275231995e-01,4.002751175040942244e-01
5.825825825825825532e+00,-2.131297734235673980e-01,4.024156217783637635e-01
5.835835835835835539e+00,-2.088565491459648260e-01,4.045133906595537177e-01
5.845845845845845545e+00,-2.045587302942251939e-01,4.065684049903558472e-01
5.855855855855855552e+00,-2.002367808466127275e-01,4.085806490029645910e-01
5.865865865865865558e+00,-1.958911673044858581e-01,4.105501101510145023e-01
5.875875875875875565e+00,-1.915223586365339126e-01,4.124767789449115818e-01
5.885885885885885571e+00,-1.871308262229157970e-01,4.143606487905753255e-01
5.895895895895895578e+00,-1.827170437993059227e-01,4.162017158316421717e-01
5.905905905905905584e+00,-1.782814874008519235e-01,4.179999787952082824e-01
5.915915915915915591e+00,-1.738246353060491911e-01,4.197554388410856818e-01
5.925925925925925597e+00,-1.693469679805371664e-01,4.214680994146271509e-01
5.935935935935935603e+00,-1.648489680208219121e-01,4.231379661031409167e-01
5.945945945945945610e+00,-1.603311200979306017e-01,4.247650464959062400e-01
5.955955955955955616e+00,-1.557939109010016143e-01,4.263493500478191534e-01
5.965965965965965623e+00,-1.512378290808160108e-01,4.278908879466435389e-01
5.975975975975975629e+00,-1.466633651932746085e-01,4.293896729839237203e-01
5.985985985985985636e+00,-1.420710116428254566e-01,4.308457194295206016e-01
5.995995995995995642e+00,-1.374612626258468751e-01,4.322590429097794562e-01
6.006006006006005649e+00,-1.328346140739902204e-01,4.336296602893522922e-01
6.016016016016015655e+00,-1.281915635974872902e-01,4.349575895566404893e-01
6.026026026026025662e+00,-1.235326104284273502e-01,4.362428497128555405e-01
6.036036036036035668e+00,-1.188582553640080142e-01,4.374854606647037292e-01
6.046046046046045674e+00,-1.141690007097647119e-01,4.386854431206632099e-01
6.056056056056055681e+00,-1.094653502227839192e-01,4.398428184908588223e-01
6.066066066066065687e+00,-1.047478090549037871e-01,4.409576087905013320e-01
6.076076076076075694e+00,-1.000168836959078739e-01,4.420298365468873225e-01
6.086086086086085700e+00,-9.527308191671557402e-02,4.430595247099378131e-01
6.096096096096095707e+00,-9.051691271257476801e-02,4.440466965662563381e-01
6.106106106106105713e+00,-8.574888624626036959e-02,4.449913756566893364e-01
6.116116116116115720e+00,-8.096951379128410065e-02,4.458935856973624823e-01
6.126126126126125726e+00,-7.617930767511939261e-02,4.467533505041817454e-01
6.136136136136135732e+00,-7.137878122244645240e-02,4.475706939207605983e-01
6.146146146146145739e+00,-6.656844869842175327e-02,4.483456397497770918e-01
6.156156156156155745e+00,-6.174882525197637750e-02,4.490782116877165553e-01
6.166166166166165752e+00,-5.692042685914789485e-02,4.497684332629773851e-01
6.176176176176175758e+00,-5.208377026645027996e-02,4.504163277773394203e-01
6.186186186186185765e+00,-4.723937293428597667e-02,4.510219182507489988e-01
6.196196196196195771e+00,-4.238775298040509815e-02,4.515852273694051511e-01
6.206206206206205778e+00,-3.752942912341574594e-02,4.521062774371363280e-01
6.216216216216215784e+00,-3.266492062635011767e-02,4.525850903300334682e-01
6.226226226226225791e+00,-2.779474724029072641e-02,4.530216874543184224e-01
6.236236236236235797e+00,-2.291942914806123846e-02,4.534160897074346330e-01
6.246246246246245803e+00,-1.803948690798617971e-02,4.537683174423366994e-01
6.256256256256255810e+00,-1.315544139772406064e-02,4.540783904349556810e-01
6.266266266266265816e+00,-8.267813758178118103e-03,4.543463278548282580e-01
6.276276276276275823e+00,-3.377125337489207072e-03,4.545721482388652701e-01
6.286286286286285829e+00,1.516102364884951972e-03,4.547558694682461433e-01
6.296296296296295836e+00,6.411347753999722433e-03,4.548975087484215529e-01
6.306306306306305842e+00,1.130808919515844009e-02,4.549970825922091122e-01
6.316316316316315849e+00,1.620580506954788502e-02,4.550546068059662663e-01
6.326326326326325855e+00,2.110397382977004591e-02,4.550700964788281788e-01
6.336336336336335862e+00,2.600207405526587870e-02,4.550435659749956230e-01
6.346346346346345868e+00,3.089958450762676778e-02,4.549750289290627192e-01
6.356356356356355874e+00,3.579598418578942842e-02,4.548644982443728613e-01
6.366366366366365881e+00,4.069075238111000137e-02,4.547119860943905634e-01
6.376376376376375887e+00,4.558336873231302183e-02,4.545175039270831219e-01
6.386386386386385894e+00,5.047331328031110648e-02,4.542810624723015445e-01
6.396396396396395900e+00,5.536006652289109792e-02,4.540026717521560840e-01
6.406406406406405907e+00,6.024310946926245830e-02,4.536823410943740531e-01
6.416416416416416801e+00,6.512192369446405393e-02,4.533200791486386438e-01
6.426426426426426808e+00,6.999599139362268352e-02,4.529158939059066968e-01
6.436436436436436814e+00,7.486479543606557041e-02,4.524697927206959847e-01
6.446446446446446821e+00,7.972781941927405136e-02,4.519817823363379561e-01
6.456456456456456827e+00,8.458454772268064747e-02,4.514518689131976625e-01
6.466466466466466834e+00,8.943446556130295322e-02,4.508800580598585905e-01
6.476476476476476840e+00,9.427705903921056174e-02,4.502663548672720117e-01
6.486486486486486847e+00,9.911181520282094648e-02,4.496107639458634675e-01
6.496496496496496853e+00,1.039382220940200247e-01,4.489132894656026052e-01
6.506506506506506859e+00,1.087557688031035724e-01,4.481739351990384757e-01
6.516516516516516866e+00,1.135639455215351479e-01,4.473927045673002922e-01
6.526526526526526872e+00,1.183622435945167334e-01,4.465696006890535474e-01
6.536536536536536879e+00,1.231501555733675868e-01,4.457046264324291962e-01
6.546546546546546885e+00,1.279271752677078600e-01,4.447977844699247951e-01
6.556556556556556892e+00,1.326927977974423634e-01,4.438490773362683828e-01
6.566566566566566898e+00,1.374465196445410209e-01,4.428585074892474882e-01
6.576576576576576905e+00,1.421878387046111580e-01,4.418260773735332436e-01
6.586586586586586911e+00,1.469162543382590003e-01,4.407517894874680708e-01
6.596596596596596918e+00,1.516312674222349000e-01,4.396356464528090036e-01
6.606606606606606924e+00,1.563323804003592110e-01,4.384776510874889843e-01
6.616616616616616930e+00,1.610190973342249532e-01,4.372778064813225285e-01
6.626626626626626937e+00,1.656909239536724643e-01,4.360361160746967224e-01
6.636636636636636943e+00,1.703473677070333481e-01,4.347525837402637650e-01
6.646646646646646950e+00,1.749879378111388606e-01,4.334272138675646646e-01
6.656656656656656956e+00,1.796121453010889601e-01,4.320600114506540357e-01
6.666666666666666963e+00,1.842195030797788291e-01,4.306509821786899117e-01
6.676676676676676969e+00,1.888095259671780102e-01,4.292001325294772518e-01
6.686686686686686976e+00,1.933817307493592430e-01,4.277074698659844576e-01
6.696696696696696982e+00,1.979356362272726710e-01,4.261730025357817198e-01
6.706706706706706989e+00,2.024707632652614775e-01,4.245967399734335568e-01
6.716716716716716995e+00,2.069866348393157029e-01,4.229786928058276718e-01
6.726726726726727001e+00,2.114827760850600813e-01,4.213188729603909444e-01
6.736736736736737008e+00,2.159587143454720914e-01,4.196172937762215338e-01
6.746746746746747014e+00,2.204139792183268109e-01,4.178739701180886890e-01
6.756756756756757021e+00,2.248481026033644636e-01,4.160889184932887175e-01
6.766766766766767027e+00,2.292606187491774972e-01,4.142621571713457351e-01
6.776776776776777034e+00,2.336510642998127774e-01,4.123937063064988529e-01
6.786786786786787040e+00,2.380189783410858184e-01,4.104835880629830180e-01
6.796796796796797047e+00,2.423639024466034964e-01,4.085318267430431138e-01
6.806806806806807053e+00,2.466853807234907492e-01,4.065384489176530058e-01
6.816816816816817060e+00,2.509829598578189325e-01,4.045034835599046197e-01
6.826826826826827066e+00,2.552561891597309729e-01,4.024269621810295239e-01
6.836836836836837072e+00,2.595046206082610718e-01,4.003089189689752470e-01
6.846846846846847079e+00,2.637278088958439626e-01,3.981493909295032996e-01
6.856856856856857085e+00,2.679253114725115847e-01,3.959484180297591083e-01
6.866866866866867092e+00,2.720966885897724841e-01,3.937060433442584606e-01
6.876876876876877098e+00,2.762415033441717460e-01,3.914223132031834917e-01
6.886886886886887105e+00,2.803593217205264665e-01,3.890972773429518528e-01
6.896896896896897111e+00,2.844497126348350391e-01,3.867309890589896160e-01
6.906906906906907118e+00,2.885122479768551518e-01,3.843235053605804086e-01
6.916916916916917124e+00,2.925465026523484946e-01,3.818748871277629631e-01
6.926926926926927131e+00,2.965520546249880152e-01,3.793851992701340325e-01
6.936936936936937137e+00,3.005284849579246687e-01,3.768545108874778449e-01
6.946946946946947143e+00,3.044753778550103318e-01,3.742828954321283930e-01
6.956956956956957150e+00,3.083923207016734946e-01,3.716704308729325557e-01
6.966966966966967156e+00,3.122789041054447323e-01,3.690171998606843751e-01
6.976976976976977163e+00,3.161347219361281824e-01,3.663232898949563832e-01
6.986986986986987169e+00,3.199593713656165295e-01,3.635887934921579467e-01
6.996996996996997176e+00,3.237524529073457780e-01,3.608138083546466590e-01
7.007007007007007182e+00,3.275135704553864824e-01,3.579984375408615249e-01
7.017017017017017189e+00,3.312423313231696587e-01,3.551427896362001069e-01
7.027027027027027195e+00,3.349383462818418811e-01,3.522469789245341598e-01
7.037037037037037202e+00,3.386012295982487874e-01,3.493111255602438514e-01
7.047047047047047208e+00,3.422305990725428293e-01,3.463353557404892924e-01
7.057057057057057214e+00,3.458260760754121588e-01,3.433198018776349447e-01
7.067067067067067221e+00,3.493872855849280978e-01,3.402646027716237365e-01
7.077077077077077227e+00,3.529138562230082488e-01,3.371699037820186096e-01
7.087087087087087234e+00,3.564054202914916369e-01,3.340358569996078608e-01
7.097097097097097240e+00,3.598616138078234994e-01,3.308626214173665536e-01
7.107107107107107247e+00,3.632820765403474428e-01,3.276503631004711314e-01
7.117117117117117253e+00,3.666664520432005858e-01,3.243992553551872104e-01
7.127127127127127260e+00,3.700143876908100760e-01,3.211094788964377611e-01
7.137137137137137266e+00,3.733255347119880385e-01,3.177812220137702370e-01
7.147147147147147273e+00,3.765995482236217939e-01,3.144146807354576967e-01
7.157157157157157279e+00,3.798360872639565122e-01,3.110100589905706037e-01
7.167167167167167285e+00,3.830348148254690832e-01,3.075675687686202919e-01
7.177177177177177292e+00,3.861953978873275961e-01,3.040874302766625181e-01
7.187187187187187298e+00,3.893175074474372610e-01,3.005698720935111590e-01
7.197197197197197305e+00,3.924008185540672766e-01,2.970151313207600730e-01
7.207207207207207311e+00,3.954450103370582559e-01,2.934234537304100665e-01
7.217217217217217318e+00,3.984497660386056017e-01,2.897950939087767797e-01
7.227227227227227324e+00,4.014147730436187778e-01,2.861303153963868362e-01
7.237237237237237331e+00,4.043397229096514223e-01,2.824293908235524508e-01
7.247247247247247337e+00,4.072243113964014727e-01,2.786926020414197680e-01
7.257257257257257343e+00,4.100682384947794690e-01,2.749202402480606100e-01
7.267267267267267350e+00,4.128712084555399287e-01,2.711126061094018547e-01
7.277277277277277356e+00,4.156329298174769038e-01,2.672700098747186059e-01
7.287287287287287363e+00,4.183531154351795567e-01,2.633927714862134284e-01
7.297297297297297369e+00,4.210314825063439792e-01,2.594812206826013212e-01
7.307307307307307376e+00,4.236677525986435322e-01,2.555356970963150176e-01
7.317317317317317382e+00,4.262616516761507657e-01,2.515565503439111672e-01
7.327327327327327389e+00,4.288129101253113085e-01,2.475441401095544169e-01
7.337337337337337395e+00,4.313212627804673405e-01,2.434988362211919777e-01
7.347347347347347402e+00,4.337864489489275388e-01,2.394210187191816441e-01
7.357357357357357408e+00,4.362082124355838308e-01,2.353110779169794164e-01
7.367367367367367414e+00,4.385863015670690146e-01,2.311694144536773077e-01
7.377377377377377421e+00,4.409204692154573557e-01,2.269964393381950496e-01
7.387387387387387427e+00,4.432104728215040534e-01,2.227925739846669528e-01
7.397397397397397434e+00,4.454560744174215214e-01,2.185582502389259996e-01
7.407407407407407440e+00,4.476570406491922061e-01,2.142939103957303693e-01
7.417417417417417447e+00,4.498131427984139452e-01,2.100000072065248691e-01
7.427427427427427453e+00,4.519241568036779233e-01,2.056770038775888598e-01
7.437437437437437460e+00,4.539898632814773904e-01,2.013253740581648910e-01
7.447447447447447466e+00,4.560100475466438152e-01,1.969456018184461421e-01
7.457457457457457473e+00,4.579844996323099715e-01,1.925381816173662441e-01
7.467467467467467479e+00,4.599130143093993484e-01,1.881036182597872752e-01
7.477477477477477485e+00,4.617953911056380534e-01,1.836424268430111306e-01
7.487487487487487492e+00,4.636314343240895974e-01,1.791551326925001075e-01
7.497497497497497498e+00,4.654209530612093970e-01,1.746422712866280424e-01
7.507507507507507505e+00,4.671637612244196047e-01,1.701043881703832306e-01
7.517517517517517511e+00,4.688596775492006596e-01,1.655420388578418833e-01
7.527527527527527518e+00,4.705085256157000018e-01,1.609557887234465690e-01
7.537537537537537524e+00,4.721101338648551748e-01,1.563462128819480546e-01
7.547547547547547531e+00,4.736643356140308736e-01,1.517138960570024175e-01
7.557557557557557537e+00,4.751709690721687696e-01,1.470594324384378870e-01
7.567567567567567544e+00,4.766298773544487832e-01,1.423834255280873873e-01
7.577577577577577550e+00,4.780409084964591382e-01,1.376864879743425474e-01
7.587587587587587556e+00,4.794039154678770842e-01,1.329692413954920993e-01
7.597597597597597563e+00,4.807187561856570701e-01,1.282323161916844867e-01
7.607607607607607569e+00,4.819852935267248117e-01,1.234763513459092021e-01
7.617617617617617576e+00,4.832033953401786985e-01,1.187019942139922180e-01
7.627627627627627582e+00,4.843729344589951524e-01,1.139099003036294633e-01
7.637637637637637589e+00,4.854937887112381611e-01,1.091007330428776373e-01
7.647647647647647595e+00,4.865658409307724863e-01,1.042751635380771563e-01
7.657657657657657602e+00,4.875889789674786590e-01,9.943387032150639848e-02
7.667667667667667608e+00,4.885630956969697070e-01,9.457753908905200402e-02
7.677677677677677615e+00,4.894880890298086706e-01,8.970686242807747457e-02
7.687687687687687621e+00,4.903638619202267401e-01,8.482253953579661776e-02
7.697697697697697627e+00,4.911903223743397384e-01,7.992527592852781415e-02
7.707707707707707634e+00,4.919673834578651150e-01,7.501578314206840126e-02
7.717717717717717640e+00,4.926949633033355647e-01,7.009477842358090294e-02
7.727727727727727647e+00,4.933729851168118796e-01,6.516298441542493769e-02
7.737737737737737653e+00,4.940013771840924273e-01,6.022112883119147553e-02
7.747747747747747660e+00,4.945800728764194742e-01,5.526994412450884214e-02
7.757757757757757666e+00,4.951090106556829684e-01,5.031016715093963171e-02
7.767767767767767673e+00,4.955881340791191692e-01,4.534253882347200060e-02
7.777777777777777679e+00,4.960173918035063467e-01,4.036780376208275178e-02
7.787787787787787686e+00,4.963967375888557187e-01,3.538670993781553586e-02
7.797797797797797692e+00,4.967261303015979568e-01,3.040000831190283262e-02
7.807807807807807698e+00,4.970055339172652076e-01,2.540845247041307112e-02
7.817817817817817705e+00,4.972349175226679074e-01,2.041279825498707942e-02
7.827827827827827711e+00,4.974142553175672221e-01,1.541380339018179682e-02
7.837837837837837718e+00,4.975435266158427239e-01,1.041222710791615998e-02
7.847847847847847724e+00,4.976227158461546396e-01,5.408829769649654319e-03
7.857857857857857731e+00,4.976518125521022795e-01,4.043724867952405212e-04
7.867867867867867737e+00,4.976308113918770371e-01,-4.600383260077243151e-03
7.877877877877877744e+00,4.975597121374116805e-01,-9.604676002623935283e-03
7.887887887887887750e+00,4.974385196730247705e-01,-1.460774466622035729e-02
7.897897897897897757e+00,4.972672439935615918e-01,-1.960882895092254039e-02
7.907907907907907763e+00,4.970459002020314321e-01,-2.460716971135744682e-02
7.917917917917917769e+00,4.967745085067410415e-01,-2.960200933497880368e-02
7.927927927927927776e+00,4.964530942179262718e-01,-3.459259211816081286e-02
7.937937937937937782e+00,4.960816877438803396e-01,-3.957816463957253283e-02
7.947947947947947789e+00,4.956603245865799368e-01,-4.455797613019100989e-02
7.957957957957957795e+00,4.951890453368111844e-01,-4.953127883956124494e-02
7.967967967967967802e+00,4.946678956687936002e-01,-5.449732839772616216e-02
7.977977977977977808e+00,4.940969263343043538e-01,-5.945538417224711936e-02
7.987987987987987815e+00,4.934761931563028670e-01,-6.440470961988685461e-02
7.997997997997997821e+00,4.928057570220572559e-01,-6.934457263254042991e-02
8.008008008008008716e+00,4.920856838757708407e-01,-7.427424587670022893e-02
8.018018018018018722e+00,4.913160447107146611e-01,-7.919300712627072580e-02
8.028028028028028729e+00,4.904969155608598363e-01,-8.410013958812741219e-02
8.038038038038038735e+00,4.896283774920183740e-01,-8.899493222008388049e-02
8.048048048048048742e+00,4.887105165924859329e-01,-9.387668004085468476e-02
8.058058058058058748e+00,4.877434239631936452e-01,-9.874468443155207109e-02
8.068068068068068754e+00,4.867271957073662780e-01,-1.035982534284795309e-01
8.078078078078078761e+00,4.856619329196895651e-01,-1.084367020068129905e-01
8.088088088088088767e+00,4.845477416749870980e-01,-1.132593523549063480e-01
8.098098098098098774e+00,4.833847330164083300e-01,-1.180655341388675283e-01
8.108108108108108780e+00,4.821730229431281933e-01,-1.228545847571703015e-01
8.118118118118118787e+00,4.809127323975616042e-01,-1.276258495850615127e-01
8.128128128128128793e+00,4.796039872520911906e-01,-1.323786822085582238e-01
8.138138138138138800e+00,4.782469182953122400e-01,-1.371124446477793579e-01
8.148148148148148806e+00,4.768416612177948655e-01,-1.418265075695135935e-01
8.158158158158158813e+00,4.753883565973651137e-01,-1.465202504888228618e-01
8.168168168168168819e+00,4.738871498839070662e-01,-1.511930619595582281e-01
8.178178178178178825e+00,4.723381913836863788e-01,-1.558443397537149777e-01
8.188188188188188832e+00,4.707416362431983692e-01,-1.604734910295613215e-01
8.198198198198198838e+00,4.690976444325403727e-01,-1.650799324884031083e-01
8.208208208208208845e+00,4.674063807283123095e-01,-1.696630905200379458e-01
8.218218218218218851e+00,4.656680146960448519e-01,-1.742224013368998958e-01
8.228228228228228858e+00,4.638827206721590768e-01,-1.787573110968015966e-01
8.238238238238238864e+00,4.620506777454576608e-01,-1.832672760144053170e-01
8.248248248248248871e+00,4.601720697381510017e-01,-1.877517624614405689e-01
8.258258258258258877e+00,4.582470851864189898e-01,-1.922102470558088028e-01
8.268268268268268884e+00,4.562759173205105934e-01,-1.966422167394921705e-01
8.278278278278278890e+00,4.542587640443846442e-01,-2.010471688455885420e-01
8.288288288288288896e+00,4.521958279148910465e-01,-2.054246111545221520e-01
8.298298298298298903e+00,4.500873161204975159e-01,-2.097740619394752037e-01
8.308308308308308909e+00,4.479334404595620711e-01,-2.140950500013898972e-01
8.318318318318318916e+00,4.457344173181540525e-01,-2.183871146935731922e-01
8.328328328328328922e+00,4.434904676474258345e-01,-2.226498059361702031e-01
8.338338338338338929e+00,4.412018169405374501e-01,-2.268826842206899674e-01
8.348348348348348935e+00,4.388686952091365723e-01,-2.310853206048099906e-01
8.358358358358358942e+00,4.364913369593957926e-01,-2.352572966976615720e-01
8.368368368368368948e+00,4.340699811676105302e-01,-2.393982046359250659e-01
8.378378378378378954e+00,4.316048712553579025e-01,-2.435076470508365509e-01
8.388388388388388961e+00,4.290962550642227202e-01,-2.475852370265044233e-01
8.398398398398398967e+00,4.265443848300883856e-01,-2.516305980498012018e-01
8.408408408408408974e+00,4.239495171569993004e-01,-2.556433639519396506e-01
8.418418418418418980e+00,4.213119129905956717e-01,-2.596231788422423969e-01
8.428428428428428987e+00,4.186318375911224909e-01,-2.635696970342326084e-01
8.438438438438438993e+00,4.159095605060172951e-01,-2.674825829643903141e-01
8.448448448448449000e+00,4.131453555420783186e-01,-2.713615111038841232e-01
8.458458458458459006e+00,4.103395007372154235e-01,-2.752061658635592822e-01
8.468468468468469013e+00,4.074922783317875830e-01,-2.790162414924493572e-01
8.478478478478479019e+00,4.046039747395291375e-01,-2.827914419701732518e-01
8.488488488488489025e+00,4.016748805180680448e-01,-2.865314808935254809e-01
8.498498498498499032e+00,3.987052903390382319e-01,-2.902360813574202392e-01
8.508508508508509038e+00,3.956955029577907679e-01,-2.939049758307213933e-01
8.518518518518519045e+00,3.926458211827042466e-01,-2.975379060270723075e-01
8.528528528528529051e+00,3.895565518441000408e-01,-3.011346227710580692e-01
8.538538538538539058e+00,3.864280057627637044e-01,-3.046948858600658783e-01
8.548548548548549064e+00,3.832604977180769645e-01,-3.082184639220796885e-01
8.558558558558559071e+00,3.800543464157614126e-01,-3.117051342697141347e-01
8.568568568568569077e+00,3.768098744552399459e-01,-3.151546827507356041e-01
8.578578578578579084e+00,3.735274082966165143e-01,-3.185669035954084016e-01
8.588588588588589090e+00,3.702072782272790019e-01,-3.219415992608699040e-01
8.598598598598599096e+00,3.668498183281286296e-01,-3.252785802729155074e-01
8.608608608608609103e+00,3.634553664394372108e-01,-3.285776650653352005e-01
8.618618618618619109e+00,3.600242641263387555e-01,-3.318386798170730456e-01
8.628628628628629116e+00,3.565568566439564768e-01,-3.350614582876128011e-01
8.638638638638639122e+00,3.530534929021686974e-01,-3.382458416506152199e-01
8.648648648648649129e+00,3.495145254300188187e-01,-3.413916783261666255e-01
8.658658658658659135e+00,3.459403103397715173e-01,-3.444988238118941171e-01
8.668668668668669142e+00,3.423312072906187775e-01,-3.475671405131190439e-01
8.678678678678679148e+00,3.386875794520391447e-01,-3.505964975722458687e-01
8.688688688688689155e+00,3.350097934668159194e-01,-3.535867706976292824e-01
8.698698698698699161e+00,3.312982194137141234e-01,-3.565378419921925723e-01
8.708708708708709167e+00,3.275532307698235113e-01,-3.594495997818185629e-01
8.718718718718719174e+00,3.237752043725697360e-01,-3.623219384438812751e-01
8.728728728728729180e+00,3.199645203813965000e-01,-3.651547582359928601e-01
8.738738738738739187e+00,3.161215622391252977e-01,-3.679479651251533201e-01
8.748748748748749193e+00,3.122467166329930821e-01,-3.707014706175084107e-01
8.758758758758759200e+00,3.083403734553748499e-01,-3.734151915888404005e-01
8.768768768768769206e+00,3.044029257641924224e-01,-3.760890501159778188e-01
8.778778778778779213e+00,3.004347697430149733e-01,-3.787229733091667661e-01
8.788788788788789219e+00,2.964363046608554098e-01,-3.813168931456948907e-01
8.798798798798799226e+00,2.924079328316646076e-01,-3.838707463048200430e-01
8.808808808808809232e+00,2.883500595735297156e-01,-3.863844740040566772e-01
8.818818818818819238e+00,2.842630931675796946e-01,-3.888580218370821795e-01
8.828828828828829245e+00,2.801474448166013653e-01,-3.912913396132647326e-01
8.838838838838839251e+00,2.760035286033715729e-01,-3.936843811989432229e-01
8.848848848848849258e+00,2.718317614487084088e-01,-3.960371043606189523e-01
8.858858858858859264e+00,2.676325630692455437e-01,-3.983494706100184080e-01
8.868868868868869271e+00,2.634063559349354988e-01,-4.006214450512290415e-01
8.878878878878879277e+00,2.591535652262835221e-01,-4.028529962299746137e-01
8.888888888888889284e+00,2.548746187913186190e-01,-4.050440959850539757e-01
8.898898898898899290e+00,2.505699471023039027e-01,-4.071947193020113986e-01
8.908908908908909297e+00,2.462399832121930643e-01,-4.093048441691800043e-01
8.918918918918919303e+00,2.418851627108341285e-01,-4.113744514360925808e-01
8.928928928928929309e+00,2.375059236809277108e-01,-4.134035246742784331e-01
8.938938938938939316e+00,2.331027066537425807e-01,-4.153920500406194649e-01
8.948948948948949322e+00,2.286759545645927483e-01,-4.173400161431859434e-01
8.958958958958959329e+00,2.242261127080815153e-01,-4.192474139096564190e-01
8.968968968968969335e+00,2.197536286931158767e-01,-4.211142364583379538e-01
8.978978978978979342e+00,2.152589523976964625e-01,-4.229404789718194113e-01
8.988988988988989348e+00,2.107425359234872397e-01,-4.247261385733245853e-01
8.998998998998999355e+00,2.062048335501688312e-01,-4.264712142057318078e-01
9.009009009009009361e+00,2.016463016895809479e-01,-4.281757065132973938e-01
9.019019019019019368e+00,1.970673988396582643e-01,-4.298396177261361584e-01
9.029029029029029374e+00,1.924685855381634003e-01,-4.314629515474605603e-01
9.039039039039039380e+00,1.878503243162227831e-01,-4.330457130435589330e-01
9.049049049049049387e+00,1.832130796516689974e-01,-4.345879085365620953e-01
9.059059059059059393e+00,1.785573179221950080e-01,-4.360895454999962895e-01
9.069069069069069400e+00,1.738835073583242796e-01,-4.375506324571150629e-01
9.079079079079079406e+00,1.691921179962017074e-01,-4.389711788820414573e-01
9.089089089089089413e+00,1.644836216302101028e-01,-4.403511951036874206e-01
9.099099099099099419e+00,1.597584917654166492e-01,-4.416906922124739787e-01
9.109109109109109426e+00,1.550172035698544060e-01,-4.429896819698648236e-01
9.119119119119119432e+00,1.502602338266429416e-01,-4.442481767206605814e-01
9.129129129129129439e+00,1.454880608859537572e-01,-4.454661893081056090e-01
9.139139139139139445e+00,1.407011646168240815e-01,-4.466437329917595234e-01
9.149149149149149451e+00,1.359000263588251711e-01,-4.477808213681468419e-01
9.159159159159159458e+00,1.310851288735884745e-01,-4.488774682941941152e-01
9.169169169169169464e+00,1.262569562961954606e-01,-4.499336878133916029e-01
9.179179179179179471e+00,1.214159940864355802e-01,-4.509494940847286748e-01
9.189189189189189477e+00,1.165627289799370803e-01,-4.519249013143599725e-01
9.199199199199199484e+00,1.116976489391756228e-01,-4.528599236899989999e-01
9.209209209209209490e+00,1.068212431043656097e-01,-4.537545753180446950e-01
9.219219219219219497e+00,1.019340017442386948e-01,-4.546088701633888562e-01
9.229229229229229503e+00,9.703641620671510370e-02,-4.554228219919360665e-01
9.239239239239239510e+00,9.212897886947174486e-02,-4.561964443158139093e-01
9.249249249249249516e+00,8.721218309041257888e-02,-4.569297503412343420e-01
9.259259259259259522e+00,8.228652315804606265e-02,-4.576227529190309284e-01
9.269269269269269529e+00,7.735249424177438604e-02,-4.582754644978464520e-01
9.279279279279279535e+00,7.241059234209948348e-02,-4.588878970799418755e-01
9.289289289289289542e+00,6.746131424075108018e-02,-4.594600621796475215e-01
9.299299299299299548e+00,6.250515745074099183e-02,-4.599919707844311034e-01
9.309309309309309555e+00,5.754262016634931892e-02,-4.604836333185495234e-01
9.319319319319319561e+00,5.257420121304724747e-02,-4.609350596093207963e-01
9.329329329329329568e+00,4.760039999736109112e-02,-4.613462588559681943e-01
9.339339339339339574e+00,4.262171645668310499e-02,-4.617172396010376101e-01
9.349349349349349581e+00,3.763865100903355382e-02,-4.620480097043901391e-01
9.359359359359359587e+00,3.265170450277930791e-02,-4.623385763197505605e-01
9.369369369369369593e+00,2.766137816631370969e-02,-4.625889458738087212e-01
9.379379379379379600e+00,2.266817355770293224e-02,-4.627991240478624424e-01
9.389389389389389606e+00,1.767259251430360403e-02,-4.629691157620041686e-01
9.399399399399399613e+00,1.267513710235682739e-02,-4.630989251618398139e-01
9.409409409409409619e+00,7.676309566563474171e-03,-4.631885556077375843e-01
9.419419419419419626e+00,2.676612279645840860e-03,-4.632380096666005032e-01
9.429429429429429632e+00,-2.323452308099396846e-03,-4.632472891061631959e-01
9.439439439439439639e+00,-7.323381719251926582e-03,-4.632163948918080476e-01
9.449449449449449645e+00,-1.232267349971722520e-02,-4.631453271859005127e-01
9.459459459459459651e+00,-1.732082526916971232e-02,-4.630340853496425213e-01
9.469469469469469658e+00,-2.231733477148457184e-02,-4.628826679474433159e-01
9.479479479479479664e+00,-2.731169992515332379e-02,-4.626910727538097179e-01
9.489489489489489671e+00,-3.230341887367808862e-02,-4.624592967627579876e-01
9.499499499499499677e+00,-3.729199003593959560e-02,-4.621873361997468899e-01
9.509509509509509684e+00,-4.227691215653388984e-02,-4.618751865361389597e-01
9.519519519519519690e+00,-4.725768435607288070e-02,-4.615228425061928541e-01
9.529529529529529697e+00,-5.223380618144352755e-02,-4.611302981265870682e-01
9.539539539539539703e+00,-5.720477765602093034e-02,-4.606975467184880046e-01
9.549549549549549710e+00,-6.217009932983017656e-02,-4.602245809321607317e-01
9.559559559559559716e+00,-6.712927232965197610e-02,-4.597113927741427464e-01
9.569569569569569722e+00,-7.208179840906740743e-02,-4.591579736369620912e-01
9.579579579579579729e+00,-7.702717999843618213e-02,-4.585643143314326320e-01
9.589589589589589735e+00,-8.196492025480422994e-02,-4.579304051215348226e-01
9.599599599599599742e+00,-8.689452311173515020e-02,-4.572562357618683571e-01
9.609609609609609748e+00,-9.181549332906076277e-02,-4.565417955377017445e-01
9.619619619619619755e+00,-9.672733654254571378e-02,-4.557870733076377912e-01
9.629629629629629761e+00,-1.016295593134615427e-01,-4.549920575488800578e-01
9.639639639639639768e+00,-1.065216691780647013e-01,-4.541567364051281031e-01
9.649649649649649774e+00,-1.114031746969742914e-01,-4.532810977371237171e-01
9.659659659659659781e+00,-1.162735855044441519e-01,-4.523651291758170045e-01
9.669669669669669787e+00,-1.211324123575245881e-01,-4.514088181782028864e-01
9.679679679679679793e+00,-1.259791671851087369e-01,-4.504121520858364036e-01
9.689689689689689800e+00,-1.308133631368591232e-01,-4.493751181860039523e-01
9.699699699699699806e+00,-1.356345146320087902e-01,-4.482977037755941363e-01
9.709709709709709813e+00,-1.404421374080330187e-01,-4.471798962276710143e-01
9.719719719719719819e+00,-1.452357485691861128e-01,-4.460216830607422467e-01
9.729729729729729826e+00,-1.500148666348988802e-01,-4.448230520107636088e-01
9.739739739739739832e+00,-1.547790115880318396e-01,-4.435839911058511720e-01
9.749749749749749839e+00,-1.595277049229792965e-01,-4.423044887437283523e-01
9.759759759759759845e+00,-1.642604696936195707e-01,-4.409845337719273672e-01
9.769769769769769852e+00,-1.689768305611067944e-01,-4.396241155707344972e-01
9.779779779779779858e+00,-1.736763138414993135e-01,-4.382232241388760996e-01
9.789789789789789864e+00,-1.783584475532199731e-01,-4.367818501819606403e-01
9.799799799799799871e+00,-1.830227614643436251e-01,-4.352999852036996686e-01
9.809809809809809877e+00,-1.876687871397073604e-01,-4.337776215998656038e-01
9.819819819819819884e+00,-1.922960579878383036e-01,-4.322147527550215806e-01
9.829829829829829890e+00,-1.969041093076949467e-01,-4.306113731420129209e-01
9.839839839839839897e+00,-2.014924783352168292e-01,-4.289674784241941374e-01
9.849849849849849903e+00,-2.060607042896782648e-01,-4.272830655604244465e-01
9.859859859859859910e+00,-2.106083284198412564e-01,-4.255581329127846590e-01
9.869869869869869916e+00,-2.151348940499032969e-01,-4.237926803570469803e-01
9.879879879879879923e+00,-2.196399466252356436e-01,-4.219867093958348248e-01
9.889889889889889929e+00,-2.241230337579064591e-01,-4.201402232744923526e-01
9.899899899899899935e+00,-2.285837052719859319e-01,-4.182532270996620061e-01
9.909909909909909942e+00,-2.330215132486277430e-01,-4.163257279604653527e-01
9.919919919919919948e+00,-2.374360120709221034e-01,-4.143577350523955372e-01
9.929929929929929955e+00,-2.418267584685178662e-01,-4.123492598037520884e-01
9.939939939939939961e+00,-2.461933115620061063e-01,-4.103003160046710951e-01
9.949949949949949968e+00,-2.505352329070641426e-01,-4.082109199387502496e-01
9.959959959959959974e+00,-2.548520865383534506e-01,-4.060810905170794682e-01
9.969969969969969981e+00,-2.591434390131668875e-01,-4.039108494148130335e-01
9.979979979979979987e+00,-2.634088594548233964e-01,-4.017002212101346004e-01
9.989989989989989994e+00,-2.676479195958026414e-01,-3.994492335255344639e-01
1.000000000000000000e+01,-2.718601938206173241e-01,-3.983131011391099485e-01
